output_metric,Parameter,Display_Name,S1,ST
PSS,DOS,DOS,0.0391610564125673,0.0655309084643356
PSS,lesion_length,lesion length,0.0446121730846916,0.0504431167175917
PSS,lumen_axial_skewness,lumen skewness,0.000450908481156,0.0004747928437373
PSS,alpha,lipid arc angle,0.0220348447290895,0.0666199586991461
PSS,lipid_length,lipid length,0.0892425931131656,0.1057490325964302
PSS,PI,Positive Index,0.0031255483717733,0.0041075838606974
PSS,d_fc_ca,d_fc_ca,-3.6422383036558427e-10,2.5647156917966784e-14
PSS,fraction,cal fraction,7.148605549504373e-11,6.24273883283792e-15
PSS,ca_axial_skewness,cal axial skew,1.7978808789130808e-05,1.6938122980966935e-05
PSS,ca_shoulder_skewness,cal shoulder skew,0.0003918292729438,0.0002014443123121
PSS,ca_strength_ratio,cal strength,4.680841877174596e-09,7.358891037544146e-14
PSS,E_vessel,E vessel,0.1782960928907251,0.2224105755115632
PSS,E_fc,E fc,0.2386939293296164,0.2575008076535829
PSS,E_lipid,E lipid,0.0675073733963219,0.0781066368322457
PSS,E_cal,E cal,-3.626130214152183e-09,3.563197985151222e-12
PSS,SBP,Systolic Blood Pressure,0.2324313938242607,0.2349353595011063
PSS,PP,Pulse Pressure,-2.203302030156241e-11,7.672233118831198e-16
PSS,tau,Decay Ratio,0.0001194489296976,0.000116022692983
PSS_over_Efc,DOS,DOS,0.0223149307040329,0.0362277826514945
PSS_over_Efc,lesion_length,lesion length,0.0250811842034506,0.0283837747234394
PSS_over_Efc,lumen_axial_skewness,lumen skewness,0.0001284805446114,0.0002228414986377
PSS_over_Efc,alpha,lipid arc angle,0.0117893816567818,0.036665285316836
PSS_over_Efc,lipid_length,lipid length,0.0455630773919865,0.0590085093413641
PSS_over_Efc,PI,Positive Index,0.0016584145617375,0.002279428733014
PSS_over_Efc,d_fc_ca,d_fc_ca,3.1503682180034093e-08,1.4301055846209211e-09
PSS_over_Efc,fraction,cal fraction,1.823258567297871e-10,1.2379347154086644e-14
PSS_over_Efc,ca_axial_skewness,cal axial skew,-8.06664475290611e-05,3.104722187910795e-05
PSS_over_Efc,ca_shoulder_skewness,cal shoulder skew,0.0001575326678799,0.0001186557665082
PSS_over_Efc,ca_strength_ratio,cal strength,4.5396992815171674e-08,1.5102616606449288e-11
PSS_over_Efc,E_vessel,E vessel,0.0891441342263344,0.1226248318214249
PSS_over_Efc,E_fc,E fc,0.5895299336083538,0.5982105613274056
PSS_over_Efc,E_lipid,E lipid,0.0360486350781943,0.0425945061420001
PSS_over_Efc,E_cal,E cal,-3.835436331160105e-09,9.721875044644009e-13
PSS_over_Efc,SBP,Systolic Blood Pressure,0.1246015349410662,0.1261092756460992
PSS_over_Efc,PP,Pulse Pressure,-3.5583471458596195e-10,3.9277404516122906e-15
PSS_over_Efc,tau,Decay Ratio,6.627791967409595e-05,4.783251256346598e-05
PSS_over_sqrtEfc,DOS,DOS,0.0463974848930975,0.0831396742145378
PSS_over_sqrtEfc,lesion_length,lesion length,0.0548764509998222,0.0637633832456944
PSS_over_sqrtEfc,lumen_axial_skewness,lumen skewness,0.0005809874327493,0.0005846450742698
PSS_over_sqrtEfc,alpha,lipid arc angle,0.0268825036335233,0.0839480710606613
PSS_over_sqrtEfc,lipid_length,lipid length,0.0999925341085338,0.1296206181946625
PSS_over_sqrtEfc,PI,Positive Index,0.0039752662913804,0.0051270632607606
PSS_over_sqrtEfc,d_fc_ca,d_fc_ca,-1.2671482411279974e-09,3.6407097076349336e-12
PSS_over_sqrtEfc,fraction,cal fraction,1.1006389153582228e-10,3.410843604085672e-15
PSS_over_sqrtEfc,ca_axial_skewness,cal axial skew,-2.803641703356513e-05,1.7641020395053067e-05
PSS_over_sqrtEfc,ca_shoulder_skewness,cal shoulder skew,8.535156701579324e-05,0.0002093561463751
PSS_over_sqrtEfc,ca_strength_ratio,cal strength,9.398212787299016e-08,2.2488720482533328e-11
PSS_over_sqrtEfc,E_vessel,E vessel,0.2021287068372725,0.2714156784909845
PSS_over_sqrtEfc,E_fc,E fc,0.0926079949849033,0.1111637042382289
PSS_over_sqrtEfc,E_lipid,E lipid,0.0765728471550542,0.0916255950578453
PSS_over_sqrtEfc,E_cal,E cal,-5.9416899627934175e-06,1.5927131679558672e-06
PSS_over_sqrtEfc,SBP,Systolic Blood Pressure,0.2750822158744931,0.2788127473403503
PSS_over_sqrtEfc,PP,Pulse Pressure,-3.488227295746636e-10,5.56128124482325e-16
PSS_over_sqrtEfc,tau,Decay Ratio,0.0001237335320604,9.73447089643112e-05
delPSS_over_Efc,DOS,DOS,0.0059529040346366,0.0203589531078397
delPSS_over_Efc,lesion_length,lesion length,0.0095223926152147,0.0100892608495315
delPSS_over_Efc,lumen_axial_skewness,lumen skewness,-0.0002500607346742,0.0002695146186711
delPSS_over_Efc,alpha,lipid arc angle,0.0144615938570881,0.0404463277296614
delPSS_over_Efc,lipid_length,lipid length,0.0307315800650221,0.0359631588151406
delPSS_over_Efc,PI,Positive Index,0.0015108778111979,0.0022222518224393
delPSS_over_Efc,d_fc_ca,d_fc_ca,7.153937614752862e-05,6.884012222605467e-05
delPSS_over_Efc,fraction,cal fraction,2.444847607009608e-09,2.2897950807270896e-13
delPSS_over_Efc,ca_axial_skewness,cal axial skew,0.0003503694408464,0.000216549441707
delPSS_over_Efc,ca_shoulder_skewness,cal shoulder skew,1.888193025577178e-08,9.747944728238174e-14
delPSS_over_Efc,ca_strength_ratio,cal strength,4.113265357094991e-05,1.0599959095154727e-05
delPSS_over_Efc,E_vessel,E vessel,0.0823270214860373,0.1143305497493664
delPSS_over_Efc,E_fc,E fc,0.6341506748694572,0.6431066164100153
delPSS_over_Efc,E_lipid,E lipid,0.0379916878909171,0.045683276942983
delPSS_over_Efc,E_cal,E cal,-3.565552882857707e-06,5.595705665993406e-06
delPSS_over_Efc,SBP,Systolic Blood Pressure,0.0964255132987732,0.0998312860956014
delPSS_over_Efc,PP,Pulse Pressure,0.02487675085047,0.0392785859603142
delPSS_over_Efc,tau,Decay Ratio,0.0024249544212305,0.0024276998285287
delPSS_over_sqrtEfc,DOS,DOS,0.013012276866879,0.065785729308588
delPSS_over_sqrtEfc,lesion_length,lesion length,0.0281961403564672,0.0370701426454095
delPSS_over_sqrtEfc,lumen_axial_skewness,lumen skewness,2.19746996659035e-05,0.0004914201486181
delPSS_over_sqrtEfc,alpha,lipid arc angle,0.0329457656525814,0.0983439511279143
delPSS_over_sqrtEfc,lipid_length,lipid length,0.0753884895914784,0.1008216543757772
delPSS_over_sqrtEfc,PI,Positive Index,0.0038669720058687,0.0061079919698111
delPSS_over_sqrtEfc,d_fc_ca,d_fc_ca,6.140184636230005e-05,6.232956546302889e-05
delPSS_over_sqrtEfc,fraction,cal fraction,8.539759962641636e-10,2.1203950117486538e-15
delPSS_over_sqrtEfc,ca_axial_skewness,cal axial skew,0.0004533682941084,0.0002548235560135
delPSS_over_sqrtEfc,ca_shoulder_skewness,cal shoulder skew,3.572254178378873e-10,1.1086654430057446e-15
delPSS_over_sqrtEfc,ca_strength_ratio,cal strength,0.0001262178744616,1.6034992647768744e-05
delPSS_over_sqrtEfc,E_vessel,E vessel,0.2023634145949593,0.2832882904572837
delPSS_over_sqrtEfc,E_fc,E fc,0.1101011624182736,0.1317034818288731
delPSS_over_sqrtEfc,E_lipid,E lipid,0.0809305539549248,0.1010205682843405
delPSS_over_sqrtEfc,E_cal,E cal,-4.240452915006993e-05,4.391623223608879e-05
delPSS_over_sqrtEfc,SBP,Systolic Blood Pressure,0.220816409918734,0.2284885267296067
delPSS_over_sqrtEfc,PP,Pulse Pressure,0.0711067552667629,0.0905802318009994
delPSS_over_sqrtEfc,tau,Decay Ratio,0.0053074064729374,0.0053043943254941
delta_PSS,DOS,DOS,0.0085032381959713,0.0375138833269584
delta_PSS,lesion_length,lesion length,0.0194259502706713,0.0200334541488957
delta_PSS,lumen_axial_skewness,lumen skewness,-0.0001441630524633,0.0004905100397239
delta_PSS,alpha,lipid arc angle,0.0260508827745872,0.0779103328897975
delta_PSS,lipid_length,lipid length,0.065236225144068,0.0706759094410585
delta_PSS,PI,Positive Index,0.0030334360280775,0.0042343667417876
delta_PSS,d_fc_ca,d_fc_ca,8.14346400980496e-05,9.106691637456954e-05
delta_PSS,fraction,cal fraction,4.3118558316898336e-10,1.3391735523419887e-14
delta_PSS,ca_axial_skewness,cal axial skew,0.0002491528163859,0.0002994690445315
delta_PSS,ca_shoulder_skewness,cal shoulder skew,2.439044078643157e-09,1.7572850877761012e-15
delta_PSS,ca_strength_ratio,cal strength,4.605173366827036e-05,8.49746509797937e-06
delta_PSS,E_vessel,E vessel,0.1687999609443307,0.221922901092605
delta_PSS,E_fc,E fc,0.2687628711797606,0.2887503473634404
delta_PSS,E_lipid,E lipid,0.076764293545976,0.0897322475589351
delta_PSS,E_cal,E cal,1.1919479655552468e-05,2.9325431652393104e-05
delta_PSS,SBP,Systolic Blood Pressure,0.1917318226553083,0.1984857248889359
delta_PSS,PP,Pulse Pressure,0.0724213118985391,0.0776944186320441
delta_PSS,tau,Decay Ratio,0.0045802403789593,0.0048560901138844
